Name,Country,Speaking Language,Desired Field,Degree,College,STEM Skills,Interests,Prior Work Experience,Age,languages,country_clean
Mei Lin,China,Mandarin/English,Data Science,Master's,Beijing University,"[""['python'"", ""'sql'"", ""'machine learning'"", ""'statistics'"", ""'data visualization']""]","[""['hiking'"", ""'photography'"", ""'chess'"", ""'cooking'"", ""'reading']""]",3 years as Data Analyst at TechCorp,28,"['mandarin', 'english']",china
Ahmed Hassan,Egypt,Arabic/English,Mechanical Engineering,Bachelor's,Cairo University,"[""['cad'"", ""'thermodynamics'"", ""'fluid mechanics'"", ""'materials science'"", ""'robotics']""]","[""['soccer'"", ""'drones'"", ""'automotive design'"", ""'swimming'"", ""'travel']""]",1 year as Engineering Intern at AutoMech,23,"['arabic', 'english']",egypt
Sofia Rodriguez,Spain,Spanish/English,Biotechnology,Master's,University of Barcelona,"[""['microbiology'"", ""'pcr'"", ""'cell culture'"", ""'biochemistry'"", ""'lab techniques']""]","[""['gardening'"", ""'yoga'"", ""'volunteering'"", ""'music'"", ""'documentaries']""]",4 years as Lab Technician at BioGen,31,"['spanish', 'english']",spain
Raj Patel,India,Hindi/English,Computer Science,Bachelor's,Indian Institute of Technology,"[""['java'"", ""'c++'"", ""'algorithms'"", ""'web development'"", ""'databases']""]","[""['cricket'"", ""'ai ethics'"", ""'gaming'"", ""'mountain biking'"", ""'podcasts']""]",6 months as Software Intern at InfoSys,22,"['hindi', 'english']",india
Yuki Tanaka,Japan,Japanese/English,Robotics,Master's,Tokyo Institute of Technology,"[""['arduino'"", ""'ros'"", ""'sensor integration'"", ""'control systems'"", ""'3d printing']""]","[""['origami'"", ""'robotics competitions'"", ""'piano'"", ""'cycling'"", ""'anime']""]",2 years as Robotics Engineer at Automation Inc,29,"['japanese', 'english']",japan
Olga Petrov,Russia,Russian/English,Environmental Science,High School Diploma,Moscow State School,"[""['gis'"", ""'water quality testing'"", ""'statistical analysis'"", ""'field research'"", ""'data collection']""]","[""['hiking'"", ""'bird watching'"", ""'photography'"", ""'volunteering'"", ""'kayaking']""]",Summer Internship at Environmental NGO,19,"['russian', 'english']",russia
Carlos Mendoza,Brazil,Portuguese/Spanish/English,Civil Engineering,Bachelor's,University of São Paulo,"[""['structural analysis'"", ""'autocad'"", ""'surveying'"", ""'materials testing'"", ""'project management']""]","[""['soccer'"", ""'architecture'"", ""'urban planning'"", ""'hiking'"", ""'photography']""]",1 year as Junior Engineer at BuildCorp,25,"['portuguese', 'spanish', 'english']",brazil
Aisha Mbeki,Kenya,Swahili/English,Medicine,Bachelor's,University of Nairobi,"[""['anatomy'"", ""'physiology'"", ""'biochemistry'"", ""'medical terminology'"", ""'basic clinical skills']""]","[""['community service'"", ""'running'"", ""'traditional dance'"", ""'reading'"", ""'cooking']""]",Volunteer at Local Clinic,24,"['swahili', 'english']",kenya
Sven Johansson,Sweden,Swedish/English,Renewable Energy,Master's,KTH Royal Institute of Technology,"[""['solar technology'"", ""'wind energy systems'"", ""'energy storage'"", ""'electrical engineering'"", ""'simulation software']""]","[""['skiing'"", ""'sustainable living'"", ""'hiking'"", ""'sailing'"", ""'chess']""]",3 years as Energy Consultant at GreenPower,32,"['swedish', 'english']",sweden
Priya Sharma,India,Hindi/English,Aerospace Engineering,Bachelor's,Indian Institute of Space Science,"[""['aerodynamics'"", ""'propulsion systems'"", ""'structural analysis'"", ""'matlab'"", ""'cad']""]","[""['star gazing'"", ""'model rocketry'"", ""'yoga'"", ""'reading'"", ""'travel']""]",Internship at National Space Agency,23,"['hindi', 'english']",india
Ibrahim Al-Farsi,Oman,Arabic/English,Petroleum Engineering,Master's,King Fahd University,"[""['reservoir simulation'"", ""'drilling technology'"", ""'fluid mechanics'"", ""'geology'"", ""'production engineering']""]","[""['desert camping'"", ""'photography'"", ""'swimming'"", ""'chess'"", ""'traveling']""]",4 years as Field Engineer at PetroTech,30,"['arabic', 'english']",oman
Fatima Zaidi,Pakistan,Urdu/English,Biochemistry,Bachelor's,Lahore University,"[""['molecular biology'"", ""'chromatography'"", ""'spectroscopy'"", ""'cell culture'"", ""'protein analysis']""]","[""['cooking'"", ""'reading'"", ""'calligraphy'"", ""'volunteering'"", ""'gardening']""]",Lab Assistant at University Research Center,22,"['urdu', 'english']",pakistan
Hiroshi Yamamoto,Japan,Japanese/English,Artificial Intelligence,Master's,Kyoto University,"[""['deep learning'"", ""'python'"", ""'tensorflow'"", ""'computer vision'"", ""'nlp']""]","[""['martial arts'"", ""'go (board game)'"", ""'hiking'"", ""'photography'"", ""'jazz music']""]",2 years as ML Engineer at Tech Startup,27,"['japanese', 'english']",japan
Nadia Kovalenko,Ukraine,Ukrainian/English,Mathematics,High School Diploma,Kyiv Science Academy,"[""['calculus'"", ""'linear algebra'"", ""'statistics'"", ""'mathematical modeling'"", ""'matlab']""]","[""['chess'"", ""'piano'"", ""'competitive programming'"", ""'puzzles'"", ""'hiking']""]",Math Olympiad Participant,18,"['ukrainian', 'english']",ukraine
Chen Wei,China,Mandarin/English,Electrical Engineering,Bachelor's,Tsinghua University,"[""['circuit design'"", ""'microcontrollers'"", ""'signal processing'"", ""'pcb design'"", ""'power systems']""]","[""['badminton'"", ""'electronics diy'"", ""'photography'"", ""'hiking'"", ""'classical music']""]",Summer Internship at Electronics Manufacturer,21,"['mandarin', 'english']",china
Maria Gonzalez,Spain,Spanish/English,Marine Biology,Master's,University of Barcelona,"[""['oceanography'"", ""'marine ecology'"", ""'statistical analysis'"", ""'lab techniques'"", ""'diving']""]","[""['scuba diving'"", ""'conservation'"", ""'photography'"", ""'sailing'"", ""'reading']""]",3 years as Research Assistant at Marine Institute,29,"['spanish', 'english']",spain
Vikram Singh,India,Hindi/English,Information Technology,Bachelor's,Delhi Technological University,"[""['network security'"", ""'system administration'"", ""'cloud computing'"", ""'virtualization'"", ""'scripting']""]","[""['cricket'"", ""'photography'"", ""'trekking'"", ""'music production'"", ""'cooking']""]",IT Support at Local Company,24,"['hindi', 'english']",india
Leila Ahmadi,Iran,Farsi/English,Chemical Engineering,Master's,Sharif University of Technology,"[""['process design'"", ""'thermodynamics'"", ""'reaction engineering'"", ""'aspen'"", ""'fluid mechanics']""]","[""['painting'"", ""'mountain climbing'"", ""'cooking'"", ""'reading'"", ""'chess']""]",2 years as Process Engineer at Chemical Plant,28,"['farsi', 'english']",iran
Jamal Williams,Ghana,French/English,Geology,Bachelor's,University of Ghana,"[""['gis'"", ""'mineralogy'"", ""'stratigraphy'"", ""'field mapping'"", ""'geochemical analysis']""]","[""['rock collecting'"", ""'hiking'"", ""'photography'"", ""'soccer'"", ""'reading']""]",Summer Field Work with Mining Company,23,"['french', 'english']",ghana
Ananya Krishnan,India,Tamil/English,Biomedical Engineering,Master's,Indian Institute of Science,"[""['medical imaging'"", ""'biomaterials'"", ""'signal processing'"", ""'cad'"", ""'tissue engineering']""]","[""['classical dance'"", ""'volunteering'"", ""'reading'"", ""'yoga'"", ""'travel']""]",2 years as Research Assistant at Medical Devices Company,27,"['tamil', 'english']",india
Dmitri Volkov,Russia,Russian/English,Physics,Bachelor's,Moscow State University,"[""['quantum mechanics'"", ""'optics'"", ""'electronics'"", ""'programming'"", ""'data analysis']""]","[""['chess'"", ""'astronomy'"", ""'hiking'"", ""'classical music'"", ""'sci-fi literature']""]",Teaching Assistant at University Physics Lab,22,"['russian', 'english']",russia
Zara Malik,Pakistan,Urdu/English,Architecture,Bachelor's,National College of Arts Pakistan,"[""['cad'"", ""'3d modeling'"", ""'structural analysis'"", ""'sustainable design'"", ""'technical drawing']""]","[""['sketching'"", ""'photography'"", ""'urban exploration'"", ""'reading'"", ""'pottery']""]",Internship at Architectural Firm,25,"['urdu', 'english']",pakistan
Kwame Osei,Ghana,Twi/English,Agricultural Science,High School Diploma,Accra Technical School,"[""['soil analysis'"", ""'crop management'"", ""'basic genetics'"", ""'irrigation systems'"", ""'farm equipment']""]","[""['soccer'"", ""'community service'"", ""'farming'"", ""'music'"", ""'reading']""]",Family Farm Worker,19,"['twi', 'english']",ghana
Valentina Rossi,Italy,Italian/English,Astronomy,Master's,University of Bologna,"[""['astrophysics'"", ""'data analysis'"", ""'telescope operation'"", ""'spectroscopy'"", ""'programming']""]","[""['star gazing'"", ""'photography'"", ""'hiking'"", ""'piano'"", ""'science fiction']""]",Research Assistant at Observatory,30,"['italian', 'english']",italy
Nguyen Minh,Vietnam,Vietnamese/English,Software Engineering,Bachelor's,Hanoi University of Science and Technology,"[""['java'"", ""'python'"", ""'web development'"", ""'mobile app development'"", ""'databases']""]","[""['gaming'"", ""'badminton'"", ""'anime'"", ""'coding competitions'"", ""'travel']""]",Freelance Web Developer,24,"['vietnamese', 'english']",vietnam
Amir Khalid,UAE,Arabic/English,Mechanical Engineering,High School Diploma,International School of Dubai,"[""['cad basics'"", ""'3d printing'"", ""'robotics fundamentals'"", ""'basic electronics'"", ""'mathematics']""]","[""['soccer'"", ""'robotics competitions'"", ""'gaming'"", ""'swimming'"", ""'drones']""]",School Robotics Team Leader,18,"['arabic', 'english']",uae
Elena Popescu,Romania,Romanian/English,Environmental Engineering,Master's,Technical University of Bucharest,"[""['water treatment'"", ""'air quality monitoring'"", ""'gis'"", ""'environmental modeling'"", ""'waste management']""]","[""['hiking'"", ""'photography'"", ""'volunteering'"", ""'cycling'"", ""'gardening']""]",3 years as Environmental Consultant,31,"['romanian', 'english']",romania
Taro Sato,Japan,Japanese/English,Nanotechnology,Bachelor's,Osaka University,"[""['material characterization'"", ""'microscopy'"", ""'nanofabrication'"", ""'basic chemistry'"", ""'lab techniques']""]","[""['martial arts'"", ""'photography'"", ""'hiking'"", ""'reading'"", ""'gaming']""]",Summer Research Internship at Nanotech Lab,22,"['japanese', 'english']",japan
Isabella Fernandez,Spain,Spanish/English,Marine Engineering,Master's,Technical University of Madrid,"[""['naval architecture'"", ""'fluid dynamics'"", ""'structural analysis'"", ""'cad'"", ""'propulsion systems']""]","[""['sailing'"", ""'swimming'"", ""'diving'"", ""'travel'"", ""'photography']""]",2 years as Junior Engineer at Shipyard,29,"['spanish', 'english']",spain
Liu Wei,China,Mandarin/English,Cybersecurity,Bachelor's,Shanghai Jiao Tong University,"[""['network security'"", ""'ethical hacking'"", ""'cryptography'"", ""'security auditing'"", ""'programming']""]","[""['chess'"", ""'martial arts'"", ""'ctf competitions'"", ""'reading'"", ""'gaming']""]",IT Security Intern at Tech Company,23,"['mandarin', 'english']",china
Amara Okafor,Nigeria,Igbo/English,Nursing,Bachelor's,University of Nigeria,"[""['anatomy'"", ""'physiology'"", ""'patient care'"", ""'medical technology'"", ""'clinical assessment']""]","[""['volunteering'"", ""'reading'"", ""'cooking'"", ""'community service'"", ""'music']""]",Hospital Volunteer,21,"['igbo', 'english']",nigeria
Matteo Bianchi,Italy,Italian/English,Robotics,Master's,Politecnico di Milano,"[""['ros'"", ""'computer vision'"", ""'control systems'"", ""'mechanical design'"", ""'programming']""]","[""['soccer'"", ""'robotics competitions'"", ""'hiking'"", ""'photography'"", ""'reading']""]",2 years as Automation Engineer,28,"['italian', 'english']",italy
Sunita Patel,India,Gujarati/English,Pharmaceutical Sciences,Bachelor's,University of Mumbai,"[""['pharmacology'"", ""'organic chemistry'"", ""'drug formulation'"", ""'lab techniques'"", ""'microbiology']""]","[""['classical dance'"", ""'volunteering'"", ""'reading'"", ""'cooking'"", ""'traveling']""]",Pharmacy Assistant Part-time,22,"['gujarati', 'english']",india
Kim Ji-Woo,South Korea,Korean/English,Game Development,High School Diploma,Seoul Arts and Technology School,"[""['unity'"", ""'basic programming'"", ""'3d modeling'"", ""'game design'"", ""'digital art']""]","[""['gaming'"", ""'anime'"", ""'digital art'"", ""'music production'"", ""'cosplay']""]",Independent Game Developer,20,"['korean', 'english']",south korea
Mohammed Al-Fahim,UAE,Arabic/English,Civil Engineering,Bachelor's,American University of Sharjah,"[""['structural analysis'"", ""'autocad'"", ""'surveying'"", ""'materials testing'"", ""'construction management']""]","[""['soccer'"", ""'photography'"", ""'travel'"", ""'chess'"", ""'reading']""]",Summer Internship at Construction Company,24,"['arabic', 'english']",uae
Anya Ivanova,Russia,Russian/English,Biotechnology,Master's,Saint Petersburg State University,"[""['genetic engineering'"", ""'microbiology'"", ""'biochemistry'"", ""'cell culture'"", ""'bioinformatics']""]","[""['ballet'"", ""'hiking'"", ""'cooking'"", ""'reading'"", ""'volunteering']""]",3 years as Research Assistant at Biotech Company,29,"['russian', 'english']",russia
Gabriel Santos,Brazil,Portuguese/English,Computer Engineering,Bachelor's,Federal University of Rio de Janeiro,"[""['microcontrollers'"", ""'digital electronics'"", ""'programming'"", ""'computer architecture'"", ""'networking']""]","[""['soccer'"", ""'surfing'"", ""'music production'"", ""'gaming'"", ""'travel']""]",Web Developer Freelancer,23,"['portuguese', 'english']",brazil
Noor Al-Qasimi,UAE,Arabic/English,Renewable Energy,Master's,Masdar Institute,"[""['solar technology'"", ""'energy storage'"", ""'smart grid'"", ""'sustainability analysis'"", ""'project management']""]","[""['photography'"", ""'desert camping'"", ""'reading'"", ""'volunteering'"", ""'travel']""]",2 years as Energy Consultant,31,"['arabic', 'english']",uae
Takeshi Nakamura,Japan,Japanese/English,Materials Science,Bachelor's,Tohoku University,"[""['material characterization'"", ""'metallurgy'"", ""'polymer science'"", ""'lab techniques'"", ""'cad']""]","[""['kendo'"", ""'photography'"", ""'hiking'"", ""'reading'"", ""'gaming']""]",Summer Internship at Materials Lab,22,"['japanese', 'english']",japan
Ines Moreno,Argentina,Spanish/English,Environmental Science,High School Diploma,Madrid Science Academy,"[""['basic chemistry'"", ""'biology'"", ""'field research'"", ""'data collection'"", ""'lab safety']""]","[""['hiking'"", ""'photography'"", ""'volunteering'"", ""'painting'"", ""'gardening']""]",Environmental NGO Volunteer,19,"['spanish', 'english']",argentina
Rahul Gupta,India,Hindi/English,Artificial Intelligence,Master's,Indian Institute of Technology Bombay,"[""['machine learning'"", ""'deep learning'"", ""'python'"", ""'computer vision'"", ""'nlp']""]","[""['cricket'"", ""'chess'"", ""'reading'"", ""'hiking'"", ""'photography']""]",2 years as Software Developer,27,"['hindi', 'english']",india
Chioma Adeyemi,Nigeria,Yoruba/English,Biomedical Engineering,Bachelor's,University of Lagos,"[""['medical imaging'"", ""'biomaterials'"", ""'electronics'"", ""'cad'"", ""'programming']""]","[""['traditional dance'"", ""'volunteering'"", ""'reading'"", ""'swimming'"", ""'travel']""]",Hospital Equipment Maintenance Intern,23,"['yoruba', 'english']",nigeria
Lars Nielsen,Denmark,Danish/English,Sustainable Architecture,Master's,Technical University of Denmark,"[""['green building design'"", ""'cad'"", ""'energy modeling'"", ""'structural analysis'"", ""'materials science']""]","[""['cycling'"", ""'sustainable living'"", ""'photography'"", ""'sailing'"", ""'woodworking']""]",3 years as Junior Architect,32,"['danish', 'english']",denmark
Mei Chen,China,Mandarin/English,Quantum Computing,Bachelor's,Fudan University,"[""['quantum mechanics'"", ""'programming'"", ""'mathematics'"", ""'algorithms'"", ""'electronics']""]","[""['piano'"", ""'badminton'"", ""'reading'"", ""'chess'"", ""'hiking']""]",Research Assistant at University Lab,22,"['mandarin', 'english']",china
Alejandro Vargas,Mexico,Spanish/English,Aerospace Engineering,Master's,Polytechnic University of Madrid,"[""['aerodynamics'"", ""'propulsion'"", ""'structural analysis'"", ""'cfd'"", ""'flight mechanics']""]","[""['model aircraft'"", ""'photography'"", ""'hiking'"", ""'reading'"", ""'soccer']""]",2 years as Systems Engineer at Aerospace Company,29,"['spanish', 'english']",mexico
Siti Aminah,Malaysia,Malay/English,Biochemistry,Bachelor's,National University of Malaysia,"[""['molecular biology'"", ""'biochemical analysis'"", ""'lab techniques'"", ""'cell culture'"", ""'chromatography']""]","[""['traditional dance'"", ""'cooking'"", ""'reading'"", ""'hiking'"", ""'photography']""]",Lab Assistant at University,23,"['malay', 'english']",malaysia
Ivan Petrov,Russia,Russian/English,Mechanical Engineering,High School Diploma,Moscow Technical School,"[""['cad basics'"", ""'basic electronics'"", ""'robotics'"", ""'mathematics'"", ""'physics']""]","[""['hockey'"", ""'robotics competitions'"", ""'gaming'"", ""'chess'"", ""'model building']""]",School Engineering Club Leader,18,"['russian', 'english']",russia
Anjali Desai,India,Hindi/Tamil/English,Data Science,Master's,Anna University,"[""['python'"", ""'machine learning'"", ""'statistics'"", ""'data visualization'"", ""'sql']""]","[""['classical dance'"", ""'volunteering'"", ""'reading'"", ""'yoga'"", ""'travel']""]",2 years as Business Analyst,28,"['hindi', 'tamil', 'english']",india
Miguel Hernandez,Mexico,Spanish/English,Renewable Energy,Bachelor's,National Autonomous University of Mexico,"[""['solar technology'"", ""'energy systems'"", ""'electrical engineering'"", ""'cad'"", ""'project management']""]","[""['soccer'"", ""'hiking'"", ""'photography'"", ""'guitar'"", ""'volunteering']""]",Internship at Solar Company,24,"['spanish', 'english']",mexico
Fatima Al-Mansoori,Qatar,Arabic/English,Chemical Engineering,Master's,Qatar University,"[""['process engineering'"", ""'thermodynamics'"", ""'reaction engineering'"", ""'aspen'"", ""'fluid mechanics']""]","[""['photography'"", ""'reading'"", ""'cooking'"", ""'travel'"", ""'volunteering']""]",3 years as Process Engineer at Petrochemical Company,30,"['arabic', 'english']",qatar
Hiroto Suzuki,Japan,Japanese/English,Robotics,Bachelor's,Tokyo University of Science,"[""['arduino'"", ""'programming'"", ""'mechanical design'"", ""'electronics'"", ""'control systems']""]","[""['martial arts'"", ""'robotics competitions'"", ""'gaming'"", ""'photography'"", ""'hiking']""]",Robotics Club Leader,22,"['japanese', 'english']",japan
Ana Silva,Portugal,Portuguese/English,Marine Biology,High School Diploma,Lisbon Science Academy,"[""['basic biology'"", ""'field research'"", ""'data collection'"", ""'lab safety'"", ""'marine ecology']""]","[""['swimming'"", ""'diving'"", ""'photography'"", ""'volunteering'"", ""'reading']""]",Marine Conservation Volunteer,19,"['portuguese', 'english']",portugal
Rajiv Kumar,India,Hindi/English,Computer Science,Master's,Indian Institute of Science,"[""['algorithms'"", ""'machine learning'"", ""'software engineering'"", ""'cloud computing'"", ""'cybersecurity']""]","[""['cricket'"", ""'chess'"", ""'reading'"", ""'hiking'"", ""'photography']""]",2 years as Software Developer,27,"['hindi', 'english']",india
Zainab Mahmoud,Egypt,Arabic/English,Biomedical Engineering,Bachelor's,American University in Cairo,"[""['medical imaging'"", ""'biomaterials'"", ""'electronics'"", ""'cad'"", ""'programming']""]","[""['photography'"", ""'reading'"", ""'swimming'"", ""'volunteering'"", ""'travel']""]",Medical Equipment Company Intern,23,"['arabic', 'english']",egypt
Johan Andersson,Sweden,Swedish/English,Environmental Engineering,Master's,Chalmers University of Technology,"[""['water treatment'"", ""'sustainability analysis'"", ""'gis'"", ""'environmental modeling'"", ""'project management']""]","[""['cross-country skiing'"", ""'hiking'"", ""'photography'"", ""'sailing'"", ""'sustainable living']""]",3 years as Environmental Consultant,31,"['swedish', 'english']",sweden
Li Wei,China,Mandarin/English,Electrical Engineering,Bachelor's,Shanghai University,"[""['circuit design'"", ""'microcontrollers'"", ""'signal processing'"", ""'pcb design'"", ""'power systems']""]","[""['badminton'"", ""'electronics diy'"", ""'photography'"", ""'hiking'"", ""'classical music']""]",Summer Internship at Electronics Manufacturer,22,"['mandarin', 'english']",china
Carmen Rodriguez,Spain,Spanish/English,Biotechnology,High School Diploma,Barcelona Science Academy,"[""['basic biology'"", ""'chemistry'"", ""'lab safety'"", ""'data collection'"", ""'microscopy']""]","[""['dancing'"", ""'volunteering'"", ""'reading'"", ""'photography'"", ""'hiking']""]",Science Fair Winner,18,"['spanish', 'english']",spain
Vikram Malhotra,India,Hindi/English,Artificial Intelligence,Master's,Delhi University,"[""['machine learning'"", ""'deep learning'"", ""'python'"", ""'computer vision'"", ""'nlp']""]","[""['cricket'"", ""'chess'"", ""'reading'"", ""'hiking'"", ""'photography']""]",2 years as Software Developer,28,"['hindi', 'english']",india
Amina Diallo,Senegal,French/Wolof/English,Public Health,Bachelor's,University of Dakar,"[""['epidemiology'"", ""'biostatistics'"", ""'health informatics'"", ""'research methods'"", ""'data analysis']""]","[""['traditional dance'"", ""'volunteering'"", ""'reading'"", ""'cooking'"", ""'travel']""]",Community Health Worker,24,"['french', 'wolof', 'english']",senegal
Erik Johansson,Sweden,Swedish/English,Mechanical Engineering,Master's,Lund University,"[""['cad'"", ""'thermodynamics'"", ""'fluid mechanics'"", ""'materials science'"", ""'robotics']""]","[""['ice hockey'"", ""'hiking'"", ""'photography'"", ""'woodworking'"", ""'sailing']""]",3 years as Design Engineer,30,"['swedish', 'english']",sweden
Yuna Kim,South Korea,Korean/English,Computer Science,Bachelor's,Seoul National University,"[""['programming'"", ""'algorithms'"", ""'data structures'"", ""'web development'"", ""'databases']""]","[""['k-pop dancing'"", ""'gaming'"", ""'reading'"", ""'photography'"", ""'travel']""]",Web Developer Intern,22,"['korean', 'english']",south korea
Omar Hassan,Egypt,Arabic/English,Civil Engineering,High School Diploma,International School of Cairo,"[""['basic cad'"", ""'mathematics'"", ""'physics'"", ""'technical drawing'"", ""'basic surveying']""]","[""['soccer'"", ""'photography'"", ""'model building'"", ""'swimming'"", ""'reading']""]",Construction Site Volunteer,19,"['arabic', 'english']",egypt
Isabella Rossi,Italy,Italian/English,Biotechnology,Master's,University of Milan,"[""['genetic engineering'"", ""'microbiology'"", ""'biochemistry'"", ""'cell culture'"", ""'bioinformatics']""]","[""['piano'"", ""'hiking'"", ""'cooking'"", ""'reading'"", ""'volunteering']""]",3 years as Research Assistant,29,"['italian', 'english']",italy
Ravi Patel,India,Gujarati/English,Software Engineering,Bachelor's,Nirma University,"[""['java'"", ""'python'"", ""'web development'"", ""'mobile app development'"", ""'databases']""]","[""['cricket'"", ""'photography'"", ""'hiking'"", ""'gaming'"", ""'reading']""]",Freelance Web Developer,23,"['gujarati', 'english']",india
Natalia Sokolova,Russia,Russian/English,Mathematics,Master's,Moscow State University,"[""['statistical analysis'"", ""'mathematical modeling'"", ""'numerical methods'"", ""'algorithms'"", ""'matlab']""]","[""['ballet'"", ""'chess'"", ""'reading'"", ""'piano'"", ""'hiking']""]",2 years as Data Analyst,28,"['russian', 'english']",russia
Carlos Oliveira,Brazil,Portuguese/English,Aerospace Engineering,Bachelor's,University of São Paulo,"[""['aerodynamics'"", ""'propulsion'"", ""'structural analysis'"", ""'cad'"", ""'flight mechanics']""]","[""['soccer'"", ""'model aircraft'"", ""'photography'"", ""'reading'"", ""'travel']""]",Internship at Aircraft Manufacturer,24,"['portuguese', 'english']",brazil
Aisha Mohammed,UAE,Arabic/English,Biochemistry,High School Diploma,Dubai International Academy,"[""['basic chemistry'"", ""'biology'"", ""'lab safety'"", ""'data collection'"", ""'microscopy']""]","[""['photography'"", ""'reading'"", ""'swimming'"", ""'volunteering'"", ""'cooking']""]",Science Club President,18,"['arabic', 'english']",uae
Takashi Yamamoto,Japan,Japanese/English,Robotics,Master's,Osaka University,"[""['ros'"", ""'computer vision'"", ""'control systems'"", ""'mechanical design'"", ""'programming']""]","[""['martial arts'"", ""'robotics competitions'"", ""'hiking'"", ""'photography'"", ""'gaming']""]",3 years as Automation Engineer,31,"['japanese', 'english']",japan
Deepa Krishnan,India,Tamil/English,Computer Science,Bachelor's,VIT University,"[""['programming'"", ""'data structures'"", ""'algorithms'"", ""'web development'"", ""'databases']""]","[""['classical dance'"", ""'reading'"", ""'photography'"", ""'hiking'"", ""'volunteering']""]",Software Development Intern,22,"['tamil', 'english']",india
Andrei Popov,Russia,Russian/English,Physics,Master's,Saint Petersburg State University,"[""['quantum mechanics'"", ""'optics'"", ""'electronics'"", ""'programming'"", ""'data analysis']""]","[""['chess'"", ""'astronomy'"", ""'hiking'"", ""'classical music'"", ""'reading']""]",2 years as Research Assistant,29,"['russian', 'english']",russia
Gabriela Lopez,Chile,Spanish/English,Environmental Science,Bachelor's,University of Chile,"[""['gis'"", ""'water quality testing'"", ""'statistical analysis'"", ""'field research'"", ""'data collection']""]","[""['hiking'"", ""'photography'"", ""'volunteering'"", ""'painting'"", ""'reading']""]",Environmental NGO Intern,23,"['spanish', 'english']",chile
Wei Chen,China,Mandarin/English,Electrical Engineering,High School Diploma,Beijing Science Academy,"[""['basic electronics'"", ""'mathematics'"", ""'physics'"", ""'programming basics'"", ""'robotics']""]","[""['badminton'"", ""'robotics competitions'"", ""'gaming'"", ""'reading'"", ""'chess']""]",School Electronics Club Leader,19,"['mandarin', 'english']",china
Arjun Singh,India,Hindi/English,Data Science,Master's,Indian Statistical Institute,"[""['python'"", ""'machine learning'"", ""'statistics'"", ""'data visualization'"", ""'sql']""]","[""['cricket'"", ""'chess'"", ""'reading'"", ""'hiking'"", ""'photography']""]",2 years as Data Analyst,28,"['hindi', 'english']",india
Leila Benali,Morocco,Arabic/French/English,Biomedical Engineering,Bachelor's,Ecole Centrale Paris,"[""['medical imaging'"", ""'biomaterials'"", ""'electronics'"", ""'cad'"", ""'programming']""]","[""['photography'"", ""'reading'"", ""'swimming'"", ""'volunteering'"", ""'travel']""]",Medical Equipment Company Intern,24,"['arabic', 'french', 'english']",morocco
Magnus Svensson,Sweden,Swedish/English,Renewable Energy,Master's,Uppsala University,"[""['solar technology'"", ""'wind energy systems'"", ""'energy storage'"", ""'electrical engineering'"", ""'project management']""]","[""['cross-country skiing'"", ""'hiking'"", ""'photography'"", ""'sustainable living'"", ""'sailing']""]",3 years as Energy Consultant,32,"['swedish', 'english']",sweden
Haruki Tanaka,Japan,Japanese/English,Computer Engineering,Bachelor's,Kyoto University,"[""['microcontrollers'"", ""'digital electronics'"", ""'programming'"", ""'computer architecture'"", ""'networking']""]","[""['martial arts'"", ""'gaming'"", ""'photography'"", ""'hiking'"", ""'reading']""]",Software Development Intern,22,"['japanese', 'english']",japan
Elena Santos,Spain,Spanish/English,Marine Biology,High School Diploma,Madrid Science Academy,"[""['basic biology'"", ""'field research'"", ""'data collection'"", ""'lab safety'"", ""'marine ecology']""]","[""['swimming'"", ""'diving'"", ""'photography'"", ""'volunteering'"", ""'reading']""]",Marine Conservation Volunteer,19,"['spanish', 'english']",spain
Rahul Mehta,India,Hindi/English,Artificial Intelligence,Master's,BITS Pilani,"[""['machine learning'"", ""'deep learning'"", ""'python'"", ""'computer vision'"", ""'nlp']""]","[""['cricket'"", ""'chess'"", ""'reading'"", ""'hiking'"", ""'photography']""]",2 years as Software Developer,27,"['hindi', 'english']",india
Fatima Ibrahim,Lebanon,Arabic/English,Chemical Engineering,Bachelor's,American University of Beirut,"[""['process engineering'"", ""'thermodynamics'"", ""'reaction engineering'"", ""'lab techniques'"", ""'cad']""]","[""['photography'"", ""'reading'"", ""'cooking'"", ""'travel'"", ""'volunteering']""]",Internship at Pharmaceutical Company,23,"['arabic', 'english']",lebanon
Jens Nielsen,Denmark,Danish/English,Mechanical Engineering,Master's,Technical University of Denmark,"[""['cad'"", ""'thermodynamics'"", ""'fluid mechanics'"", ""'materials science'"", ""'robotics']""]","[""['cycling'"", ""'sailing'"", ""'photography'"", ""'woodworking'"", ""'hiking']""]",3 years as Design Engineer,30,"['danish', 'english']",denmark
Min-Ji Park,South Korea,Korean/English,Biotechnology,Bachelor's,Korea University,"[""['molecular biology'"", ""'microbiology'"", ""'biochemistry'"", ""'cell culture'"", ""'lab techniques']""]","[""['k-pop dancing'"", ""'reading'"", ""'photography'"", ""'cooking'"", ""'volunteering']""]",Research Lab Assistant,22,"['korean', 'english']",south korea
Ahmed Al-Farsi,Oman,Arabic/English,Civil Engineering,High School Diploma,Muscat International School,"[""['basic cad'"", ""'mathematics'"", ""'physics'"", ""'technical drawing'"", ""'basic surveying']""]","[""['soccer'"", ""'photography'"", ""'model building'"", ""'swimming'"", ""'reading']""]",Construction Site Volunteer,19,"['arabic', 'english']",oman
Chiara Bianchi,Italy,Italian/English,Astronomy,Master's,University of Padua,"[""['astrophysics'"", ""'data analysis'"", ""'telescope operation'"", ""'spectroscopy'"", ""'programming']""]","[""['star gazing'"", ""'photography'"", ""'hiking'"", ""'piano'"", ""'reading']""]",2 years as Research Assistant,29,"['italian', 'english']",italy
Arjun Patel,India,Gujarati/English,Software Engineering,Bachelor's,Gujarat Technological University,"[""['java'"", ""'python'"", ""'web development'"", ""'mobile app development'"", ""'databases']""]","[""['cricket'"", ""'photography'"", ""'hiking'"", ""'gaming'"", ""'reading']""]",Freelance Web Developer,24,"['gujarati', 'english']",india
Olga Ivanova,Russia,Russian/English,Mathematics,Master's,Novosibirsk State University,"[""['statistical analysis'"", ""'mathematical modeling'"", ""'numerical methods'"", ""'algorithms'"", ""'matlab']""]","[""['ballet'"", ""'chess'"", ""'reading'"", ""'piano'"", ""'hiking']""]",2 years as Data Analyst,28,"['russian', 'english']",russia
Mateo Garcia,Spain,Spanish/English,Aerospace Engineering,Bachelor's,Polytechnic University of Catalonia,"[""['aerodynamics'"", ""'propulsion'"", ""'structural analysis'"", ""'cad'"", ""'flight mechanics']""]","[""['soccer'"", ""'model aircraft'"", ""'photography'"", ""'reading'"", ""'travel']""]",Internship at Space Agency,23,"['spanish', 'english']",spain
Amina Hassan,Somalia,Somali/English,Nursing,High School Diploma,International School of Mogadishu,"[""['basic anatomy'"", ""'physiology'"", ""'first aid'"", ""'patient care'"", ""'medical terminology']""]","[""['photography'"", ""'reading'"", ""'volunteering'"", ""'cooking'"", ""'running']""]",Hospital Volunteer,19,"['somali', 'english']",somalia
Hiroshi Nakamura,Japan,Japanese/English,Robotics,Master's,Tokyo Institute of Technology,"[""['ros'"", ""'computer vision'"", ""'control systems'"", ""'mechanical design'"", ""'programming']""]","[""['martial arts'"", ""'robotics competitions'"", ""'hiking'"", ""'photography'"", ""'gaming']""]",3 years as Automation Engineer,31,"['japanese', 'english']",japan
Lakshmi Reddy,India,Telugu/English,Computer Science,Bachelor's,IIIT Hyderabad,"[""['programming'"", ""'data structures'"", ""'algorithms'"", ""'web development'"", ""'databases']""]","[""['classical dance'"", ""'reading'"", ""'photography'"", ""'hiking'"", ""'volunteering']""]",Software Development Intern,22,"['telugu', 'english']",india
Alexei Sokolov,Russia,Russian/English,Physics,Master's,Moscow Institute of Physics and Technology,"[""['quantum mechanics'"", ""'optics'"", ""'electronics'"", ""'programming'"", ""'data analysis']""]","[""['chess'"", ""'astronomy'"", ""'hiking'"", ""'classical music'"", ""'reading']""]",2 years as Research Assistant,29,"['russian', 'english']",russia
Valentina Morales,Argentina,Spanish/English,Environmental Science,Bachelor's,University of Buenos Aires,"[""['gis'"", ""'water quality testing'"", ""'statistical analysis'"", ""'field research'"", ""'data collection']""]","[""['hiking'"", ""'photography'"", ""'volunteering'"", ""'painting'"", ""'reading']""]",Environmental NGO Intern,24,"['spanish', 'english']",argentina
Zhang Wei,China,Mandarin/English,Electrical Engineering,High School Diploma,Shanghai Science Academy,"[""['basic electronics'"", ""'mathematics'"", ""'physics'"", ""'programming basics'"", ""'robotics']""]","[""['table tennis'"", ""'robotics competitions'"", ""'gaming'"", ""'reading'"", ""'chess']""]",School Electronics Club Leader,18,"['mandarin', 'english']",china
Anand Sharma,India,Hindi/English,Data Science,Master's,IIT Delhi,"[""['python'"", ""'machine learning'"", ""'statistics'"", ""'data visualization'"", ""'sql']""]","[""['cricket'"", ""'chess'"", ""'reading'"", ""'hiking'"", ""'photography']""]",2 years as Data Analyst,28,"['hindi', 'english']",india
Nadia El-Masri,Lebanon,Arabic/French/English,Biomedical Engineering,Bachelor's,Lebanese American University,"[""['medical imaging'"", ""'biomaterials'"", ""'electronics'"", ""'cad'"", ""'programming']""]","[""['photography'"", ""'reading'"", ""'swimming'"", ""'volunteering'"", ""'travel']""]",Medical Equipment Company Intern,23,"['arabic', 'french', 'english']",lebanon
Henrik Larsson,Sweden,Swedish/English,Renewable Energy,Master's,KTH Royal Institute,"[""['solar technology'"", ""'wind energy systems'"", ""'energy storage'"", ""'electrical engineering'"", ""'project management']""]","[""['ice hockey'"", ""'hiking'"", ""'photography'"", ""'sustainable living'"", ""'sailing']""]",3 years as Energy Consultant,32,"['swedish', 'english']",sweden
Kenji Suzuki,Japan,Japanese/English,Computer Engineering,Bachelor's,Waseda University,"[""['microcontrollers'"", ""'digital electronics'"", ""'programming'"", ""'computer architecture'"", ""'networking']""]","[""['martial arts'"", ""'gaming'"", ""'photography'"", ""'hiking'"", ""'reading']""]",Software Development Intern,22,"['japanese', 'english']",japan
Isabella Martinez,Spain,Spanish/English,Marine Biology,High School Diploma,Barcelona Science Academy,"[""['basic biology'"", ""'field research'"", ""'data collection'"", ""'lab safety'"", ""'marine ecology']""]","[""['swimming'"", ""'diving'"", ""'photography'"", ""'volunteering'"", ""'reading']""]",Marine Conservation Volunteer,19,"['spanish', 'english']",spain
Vikram Choudhury,India,Bengali/English,Artificial Intelligence,Master's,Jadavpur University,"[""['machine learning'"", ""'deep learning'"", ""'python'"", ""'computer vision'"", ""'nlp']""]","[""['cricket'"", ""'chess'"", ""'reading'"", ""'hiking'"", ""'photography']""]",2 years as Software Developer,27,"['bengali', 'english']",india
Yasmin Al-Bakri,Saudi Arabia,Arabic/English,Chemical Engineering,Bachelor's,King Abdullah University,"[""['process engineering'"", ""'thermodynamics'"", ""'reaction engineering'"", ""'lab techniques'"", ""'cad']""]","[""['photography'"", ""'reading'"", ""'cooking'"", ""'travel'"", ""'volunteering']""]",Internship at Oil Company,24,"['arabic', 'english']",saudi arabia
Mikkel Hansen,Denmark,Danish/English,Mechanical Engineering,Master's,Aalborg University,"[""['cad'"", ""'thermodynamics'"", ""'fluid mechanics'"", ""'materials science'"", ""'robotics']""]","[""['soccer'"", ""'sailing'"", ""'photography'"", ""'woodworking'"", ""'hiking']""]",3 years as Design Engineer,30,"['danish', 'english']",denmark
Ji-Eun Kim,South Korea,Korean/English,Biotechnology,Bachelor's,Seoul National University,"[""['molecular biology'"", ""'microbiology'"", ""'biochemistry'"", ""'cell culture'"", ""'lab techniques']""]","[""['k-pop dancing'"", ""'reading'"", ""'photography'"", ""'cooking'"", ""'volunteering']""]",Research Lab Assistant,22,"['korean', 'english']",south korea
Omar Al-Saidi,Saudi Arabia,Arabic/English,Civil Engineering,High School Diploma,International School of Riyadh,"[""['basic cad'"", ""'mathematics'"", ""'physics'"", ""'technical drawing'"", ""'basic surveying']""]","[""['soccer'"", ""'photography'"", ""'model building'"", ""'swimming'"", ""'reading']""]",Construction Site Volunteer,18,"['arabic', 'english']",saudi arabia
Marco Rossi,Italy,Italian/English,Astronomy,Master's,University of Bologna,"[""['astrophysics'"", ""'data analysis'"", ""'telescope operation'"", ""'spectroscopy'"", ""'programming']""]","[""['star gazing'"", ""'photography'"", ""'hiking'"", ""'guitar'"", ""'reading']""]",2 years as Research Assistant,29,"['italian', 'english']",italy
Ananya Desai,India,Gujarati/English,Software Engineering,Bachelor's,DAIICT,"[""['java'"", ""'python'"", ""'web development'"", ""'mobile app development'"", ""'databases']""]","[""['classical dance'"", ""'photography'"", ""'hiking'"", ""'gaming'"", ""'reading']""]",Freelance Web Developer,23,"['gujarati', 'english']",india
Dmitry Kuznetsov,Russia,Russian/English,Mathematics,Master's,Higher School of Economics,"[""['statistical analysis'"", ""'mathematical modeling'"", ""'numerical methods'"", ""'algorithms'"", ""'matlab']""]","[""['chess'"", ""'classical music'"", ""'reading'"", ""'hiking'"", ""'photography']""]",2 years as Data Analyst,28,"['russian', 'english']",russia
Javier Lopez,Mexico,Spanish/English,Aerospace Engineering,Bachelor's,Technical University of Madrid,"[""['aerodynamics'"", ""'propulsion'"", ""'structural analysis'"", ""'cad'"", ""'flight mechanics']""]","[""['soccer'"", ""'model aircraft'"", ""'photography'"", ""'reading'"", ""'travel']""]",Internship at Aircraft Manufacturer,24,"['spanish', 'english']",mexico
Amina Osman,Somalia,Somali/English,Nursing,High School Diploma,Nairobi International School,"[""['basic anatomy'"", ""'physiology'"", ""'first aid'"", ""'patient care'"", ""'medical terminology']""]","[""['photography'"", ""'reading'"", ""'volunteering'"", ""'cooking'"", ""'running']""]",Hospital Volunteer,19,"['somali', 'english']",somalia
Takuya Yamada,Japan,Japanese/English,Robotics,Master's,Kyushu University,"[""['ros'"", ""'computer vision'"", ""'control systems'"", ""'mechanical design'"", ""'programming']""]","[""['martial arts'"", ""'robotics competitions'"", ""'hiking'"", ""'photography'"", ""'gaming']""]",3 years as Automation Engineer,31,"['japanese', 'english']",japan
Divya Patel,India,Hindi/English,Computer Science,Bachelor's,NIT Surat,"[""['programming'"", ""'data structures'"", ""'algorithms'"", ""'web development'"", ""'databases']""]","[""['classical dance'"", ""'reading'"", ""'photography'"", ""'hiking'"", ""'volunteering']""]",Software Development Intern,22,"['hindi', 'english']",india
Sergei Ivanov,Russia,Russian/English,Physics,Master's,Novosibirsk State University,"[""['quantum mechanics'"", ""'optics'"", ""'electronics'"", ""'programming'"", ""'data analysis']""]","[""['chess'"", ""'astronomy'"", ""'hiking'"", ""'classical music'"", ""'reading']""]",2 years as Research Assistant,29,"['russian', 'english']",russia
Camila Rodriguez,Mexico,Spanish/English,Environmental Science,Bachelor's,University of Mexico City,"[""['gis'"", ""'water quality testing'"", ""'statistical analysis'"", ""'field research'"", ""'data collection']""]","[""['hiking'"", ""'photography'"", ""'volunteering'"", ""'painting'"", ""'reading']""]",Environmental NGO Intern,23,"['spanish', 'english']",mexico
Li Jing,China,Mandarin/English,Electrical Engineering,High School Diploma,Beijing No.4 High School,"[""['basic electronics'"", ""'mathematics'"", ""'physics'"", ""'programming basics'"", ""'robotics']""]","[""['calligraphy'"", ""'robotics competitions'"", ""'gaming'"", ""'reading'"", ""'chess']""]",School Electronics Club Leader,18,"['mandarin', 'english']",china
Sanjay Gupta,India,Hindi/English,Data Science,Master's,IIIT Bangalore,"[""['python'"", ""'machine learning'"", ""'statistics'"", ""'data visualization'"", ""'sql']""]","[""['cricket'"", ""'chess'"", ""'reading'"", ""'hiking'"", ""'photography']""]",2 years as Data Analyst,28,"['hindi', 'english']",india
Layla Mahmoud,Egypt,Arabic/French/English,Biomedical Engineering,Bachelor's,Cairo University,"[""['medical imaging'"", ""'biomaterials'"", ""'electronics'"", ""'cad'"", ""'programming']""]","[""['photography'"", ""'reading'"", ""'swimming'"", ""'volunteering'"", ""'travel']""]",Medical Equipment Company Intern,24,"['arabic', 'french', 'english']",egypt
Astrid Lindgren,Sweden,Swedish/English,Renewable Energy,Master's,Lund University,"[""['solar technology'"", ""'wind energy systems'"", ""'energy storage'"", ""'electrical engineering'"", ""'project management']""]","[""['cross-country skiing'"", ""'hiking'"", ""'photography'"", ""'sustainable living'"", ""'sailing']""]",3 years as Energy Consultant,32,"['swedish', 'english']",sweden
Kazuki Tanaka,Japan,Japanese/English,Computer Engineering,Bachelor's,Tohoku University,"[""['microcontrollers'"", ""'digital electronics'"", ""'programming'"", ""'computer architecture'"", ""'networking']""]","[""['martial arts'"", ""'gaming'"", ""'photography'"", ""'hiking'"", ""'reading']""]",Software Development Intern,22,"['japanese', 'english']",japan
Lucia Fernandez,Spain,Spanish/English,Marine Biology,High School Diploma,Madrid Science Academy,"[""['basic biology'"", ""'field research'"", ""'data collection'"", ""'lab safety'"", ""'marine ecology']""]","[""['swimming'"", ""'diving'"", ""'photography'"", ""'volunteering'"", ""'reading']""]",Marine Conservation Volunteer,19,"['spanish', 'english']",spain
Rajesh Kumar,India,Hindi/English,Artificial Intelligence,Master's,IIT Kanpur,"[""['machine learning'"", ""'deep learning'"", ""'python'"", ""'computer vision'"", ""'nlp']""]","[""['cricket'"", ""'chess'"", ""'reading'"", ""'hiking'"", ""'photography']""]",2 years as Software Developer,27,"['hindi', 'english']",india
Samira Al-Mansouri,UAE,Arabic/English,Chemical Engineering,Bachelor's,United Arab Emirates University,"[""['process engineering'"", ""'thermodynamics'"", ""'reaction engineering'"", ""'lab techniques'"", ""'cad']""]","[""['photography'"", ""'reading'"", ""'cooking'"", ""'travel'"", ""'volunteering']""]",Internship at Petrochemical Company,23,"['arabic', 'english']",uae
Lars Andersen,Denmark,Danish/English,Mechanical Engineering,Master's,Technical University of Denmark,"[""['cad'"", ""'thermodynamics'"", ""'fluid mechanics'"", ""'materials science'"", ""'robotics']""]","[""['cycling'"", ""'sailing'"", ""'photography'"", ""'woodworking'"", ""'hiking']""]",3 years as Design Engineer,30,"['danish', 'english']",denmark
Soo-Jin Park,South Korea,Korean/English,Biotechnology,Bachelor's,Yonsei University,"[""['molecular biology'"", ""'microbiology'"", ""'biochemistry'"", ""'cell culture'"", ""'lab techniques']""]","[""['traditional dance'"", ""'reading'"", ""'photography'"", ""'cooking'"", ""'volunteering']""]",Research Lab Assistant,22,"['korean', 'english']",south korea
Tariq Al-Farsi,Oman,Arabic/English,Civil Engineering,High School Diploma,International School of Muscat,"[""['basic cad'"", ""'mathematics'"", ""'physics'"", ""'technical drawing'"", ""'basic surveying']""]","[""['soccer'"", ""'photography'"", ""'model building'"", ""'swimming'"", ""'reading']""]",Construction Site Volunteer,19,"['arabic', 'english']",oman
Francesca Romano,Italy,Italian/English,Astronomy,Master's,University of Rome,"[""['astrophysics'"", ""'data analysis'"", ""'telescope operation'"", ""'spectroscopy'"", ""'programming']""]","[""['star gazing'"", ""'photography'"", ""'hiking'"", ""'piano'"", ""'reading']""]",2 years as Research Assistant,29,"['italian', 'english']",italy
Nikhil Mehta,India,Gujarati/English,Software Engineering,Bachelor's,DA-IICT,"[""['java'"", ""'python'"", ""'web development'"", ""'mobile app development'"", ""'databases']""]","[""['cricket'"", ""'photography'"", ""'hiking'"", ""'gaming'"", ""'reading']""]",Freelance Web Developer,24,"['gujarati', 'english']",india
Anastasia Petrova,Russia,Russian/English,Mathematics,Master's,Saint Petersburg State University,"[""['statistical analysis'"", ""'mathematical modeling'"", ""'numerical methods'"", ""'algorithms'"", ""'matlab']""]","[""['ballet'"", ""'chess'"", ""'reading'"", ""'piano'"", ""'hiking']""]",2 years as Data Analyst,28,"['russian', 'english']",russia
Eduardo Sanchez,Mexico,Spanish/English,Aerospace Engineering,Bachelor's,University of Seville,"[""['aerodynamics'"", ""'propulsion'"", ""'structural analysis'"", ""'cad'"", ""'flight mechanics']""]","[""['soccer'"", ""'model aircraft'"", ""'photography'"", ""'reading'"", ""'travel']""]",Internship at Space Agency,23,"['spanish', 'english']",mexico
Halima Mohamed,Somalia,Somali/English,Nursing,High School Diploma,International School of Mogadishu,"[""['basic anatomy'"", ""'physiology'"", ""'first aid'"", ""'patient care'"", ""'medical terminology']""]","[""['photography'"", ""'reading'"", ""'volunteering'"", ""'cooking'"", ""'running']""]",Hospital Volunteer,19,"['somali', 'english']",somalia
Yuto Nakamura,Japan,Japanese/English,Robotics,Master's,Tokyo University,"[""['ros'"", ""'computer vision'"", ""'control systems'"", ""'mechanical design'"", ""'programming']""]","[""['martial arts'"", ""'robotics competitions'"", ""'hiking'"", ""'photography'"", ""'gaming']""]",3 years as Automation Engineer,31,"['japanese', 'english']",japan
Priya Nair,India,Malayalam/English,Computer Science,Bachelor's,College of Engineering Trivandrum,"[""['programming'"", ""'data structures'"", ""'algorithms'"", ""'web development'"", ""'databases']""]","[""['classical dance'"", ""'reading'"", ""'photography'"", ""'hiking'"", ""'volunteering']""]",Software Development Intern,22,"['malayalam', 'english']",india
Mikhail Sokolov,Russia,Russian/English,Physics,Master's,Moscow State University,"[""['quantum mechanics'"", ""'optics'"", ""'electronics'"", ""'programming'"", ""'data analysis']""]","[""['chess'"", ""'astronomy'"", ""'hiking'"", ""'classical music'"", ""'reading']""]",2 years as Research Assistant,29,"['russian', 'english']",russia
Gabriela Moreno,Colombia,Spanish/English,Environmental Science,Bachelor's,National University of Colombia,"[""['gis'"", ""'water quality testing'"", ""'statistical analysis'"", ""'field research'"", ""'data collection']""]","[""['hiking'"", ""'photography'"", ""'volunteering'"", ""'painting'"", ""'reading']""]",Environmental NGO Intern,24,"['spanish', 'english']",colombia
Zhang Min,China,Mandarin/English,Electrical Engineering,High School Diploma,Shanghai High School,"[""['basic electronics'"", ""'mathematics'"", ""'physics'"", ""'programming basics'"", ""'robotics']""]","[""['table tennis'"", ""'robotics competitions'"", ""'gaming'"", ""'reading'"", ""'chess']""]",School Electronics Club Leader,18,"['mandarin', 'english']",china
Ramesh Patel,India,Hindi/English,Data Science,Master's,IIT Madras,"[""['python'"", ""'machine learning'"", ""'statistics'"", ""'data visualization'"", ""'sql']""]","[""['cricket'"", ""'chess'"", ""'reading'"", ""'hiking'"", ""'photography']""]",2 years as Data Analyst,28,"['hindi', 'english']",india
Noor Al-Qassim,Jordan,Arabic/French/English,Biomedical Engineering,Bachelor's,Jordan University of Science and Technology,"[""['medical imaging'"", ""'biomaterials'"", ""'electronics'"", ""'cad'"", ""'programming']""]","[""['photography'"", ""'reading'"", ""'swimming'"", ""'volunteering'"", ""'travel']""]",Medical Equipment Company Intern,23,"['arabic', 'french', 'english']",jordan
Gustav Bergman,Sweden,Swedish/English,Renewable Energy,Master's,Stockholm University,"[""['solar technology'"", ""'wind energy systems'"", ""'energy storage'"", ""'electrical engineering'"", ""'project management']""]","[""['cross-country skiing'"", ""'hiking'"", ""'photography'"", ""'sustainable living'"", ""'sailing']""]",3 years as Energy Consultant,32,"['swedish', 'english']",sweden
Akira Tanaka,Japan,Japanese/English,Computer Engineering,Bachelor's,Tokyo Institute of Technology,"[""['microcontrollers'"", ""'digital electronics'"", ""'programming'"", ""'computer architecture'"", ""'networking']""]","[""['martial arts'"", ""'gaming'"", ""'photography'"", ""'hiking'"", ""'reading']""]",Software Development Intern,22,"['japanese', 'english']",japan
Mariana Costa,Portugal,Portuguese/English,Marine Biology,High School Diploma,Lisbon Science Academy,"[""['basic biology'"", ""'field research'"", ""'data collection'"", ""'lab safety'"", ""'marine ecology']""]","[""['swimming'"", ""'diving'"", ""'photography'"", ""'volunteering'"", ""'reading']""]",Marine Conservation Volunteer,19,"['portuguese', 'english']",portugal
Suresh Menon,India,Malayalam/English,Artificial Intelligence,Master's,IISc Bangalore,"[""['machine learning'"", ""'deep learning'"", ""'python'"", ""'computer vision'"", ""'nlp']""]","[""['cricket'"", ""'chess'"", ""'reading'"", ""'hiking'"", ""'photography']""]",2 years as Software Developer,27,"['malayalam', 'english']",india
Rania Al-Masri,Lebanon,Arabic/English,Chemical Engineering,Bachelor's,American University of Beirut,"[""['process engineering'"", ""'thermodynamics'"", ""'reaction engineering'"", ""'lab techniques'"", ""'cad']""]","[""['photography'"", ""'reading'"", ""'cooking'"", ""'travel'"", ""'volunteering']""]",Internship at Pharmaceutical Company,23,"['arabic', 'english']",lebanon
Thomas Andersen,Denmark,Danish/English,Mechanical Engineering,Master's,Aarhus University,"[""['cad'"", ""'thermodynamics'"", ""'fluid mechanics'"", ""'materials science'"", ""'robotics']""]","[""['cycling'"", ""'sailing'"", ""'photography'"", ""'woodworking'"", ""'hiking']""]",3 years as Design Engineer,30,"['danish', 'english']",denmark
Ji-Hye Lee,South Korea,Korean/English,Biotechnology,Bachelor's,Korea Advanced Institute of Science and Technology,"[""['molecular biology'"", ""'microbiology'"", ""'biochemistry'"", ""'cell culture'"", ""'lab techniques']""]","[""['k-pop dancing'"", ""'reading'"", ""'photography'"", ""'cooking'"", ""'volunteering']""]",Research Lab Assistant,22,"['korean', 'english']",south korea
Khalid Al-Saud,Saudi Arabia,Arabic/English,Civil Engineering,High School Diploma,Riyadh International School,"[""['basic cad'"", ""'mathematics'"", ""'physics'"", ""'technical drawing'"", ""'basic surveying']""]","[""['soccer'"", ""'photography'"", ""'model building'"", ""'swimming'"", ""'reading']""]",Construction Site Volunteer,19,"['arabic', 'english']",saudi arabia
Alessandra Conti,Italy,Italian/English,Astronomy,Master's,University of Florence,"[""['astrophysics'"", ""'data analysis'"", ""'telescope operation'"", ""'spectroscopy'"", ""'programming']""]","[""['star gazing'"", ""'photography'"", ""'hiking'"", ""'piano'"", ""'reading']""]",2 years as Research Assistant,29,"['italian', 'english']",italy
Rajiv Sharma,India,Hindi/English,Software Engineering,Bachelor's,BITS Pilani,"[""['java'"", ""'python'"", ""'web development'"", ""'mobile app development'"", ""'databases']""]","[""['cricket'"", ""'photography'"", ""'hiking'"", ""'gaming'"", ""'reading']""]",Freelance Web Developer,24,"['hindi', 'english']",india
Ekaterina Smirnova,Russia,Russian/English,Mathematics,Master's,Moscow State University,"[""['statistical analysis'"", ""'mathematical modeling'"", ""'numerical methods'"", ""'algorithms'"", ""'matlab']""]","[""['ballet'"", ""'chess'"", ""'reading'"", ""'piano'"", ""'hiking']""]",2 years as Data Analyst,28,"['russian', 'english']",russia
Ricardo Fernandez,Mexico,Spanish/English,Aerospace Engineering,Bachelor's,National Autonomous University of Mexico,"[""['aerodynamics'"", ""'propulsion'"", ""'structural analysis'"", ""'cad'"", ""'flight mechanics']""]","[""['soccer'"", ""'model aircraft'"", ""'photography'"", ""'reading'"", ""'travel']""]",Internship at Aircraft Manufacturer,24,"['spanish', 'english']",mexico
Zahra Ahmed,Somalia,Somali/English,Nursing,High School Diploma,International School of Mogadishu,"[""['basic anatomy'"", ""'physiology'"", ""'first aid'"", ""'patient care'"", ""'medical terminology']""]","[""['photography'"", ""'reading'"", ""'volunteering'"", ""'cooking'"", ""'running']""]",Hospital Volunteer,19,"['somali', 'english']",somalia
Masato Suzuki,Japan,Japanese/English,Robotics,Master's,Kyoto University,"[""['ros'"", ""'computer vision'"", ""'control systems'"", ""'mechanical design'"", ""'programming']""]","[""['martial arts'"", ""'robotics competitions'"", ""'hiking'"", ""'photography'"", ""'gaming']""]",3 years as Automation Engineer,31,"['japanese', 'english']",japan
Kavita Sharma,India,Hindi/English,Computer Science,Bachelor's,IIT Roorkee,"[""['programming'"", ""'data structures'"", ""'algorithms'"", ""'web development'"", ""'databases']""]","[""['classical dance'"", ""'reading'"", ""'photography'"", ""'hiking'"", ""'volunteering']""]",Software Development Intern,22,"['hindi', 'english']",india
Nikolai Petrov,Russia,Russian/English,Physics,Master's,Moscow Institute of Physics and Technology,"[""['quantum mechanics'"", ""'optics'"", ""'electronics'"", ""'programming'"", ""'data analysis']""]","[""['chess'"", ""'astronomy'"", ""'hiking'"", ""'classical music'"", ""'reading']""]",2 years as Research Assistant,29,"['russian', 'english']",russia
Daniela Torres,Colombia,Spanish/English,Environmental Science,Bachelor's,University of the Andes,"[""['gis'"", ""'water quality testing'"", ""'statistical analysis'"", ""'field research'"", ""'data collection']""]","[""['hiking'"", ""'photography'"", ""'volunteering'"", ""'painting'"", ""'reading']""]",Environmental NGO Intern,24,"['spanish', 'english']",colombia
Lin Feng,China,Mandarin/English,Electrical Engineering,High School Diploma,Beijing No.4 High School,"[""['basic electronics'"", ""'mathematics'"", ""'physics'"", ""'programming basics'"", ""'robotics']""]","[""['calligraphy'"", ""'robotics competitions'"", ""'gaming'"", ""'reading'"", ""'chess']""]",School Electronics Club Leader,18,"['mandarin', 'english']",china
Aditya Verma,India,Hindi/English,Data Science,Master's,IIT Kharagpur,"[""['python'"", ""'machine learning'"", ""'statistics'"", ""'data visualization'"", ""'sql']""]","[""['cricket'"", ""'chess'"", ""'reading'"", ""'hiking'"", ""'photography']""]",2 years as Data Analyst,28,"['hindi', 'english']",india
Fatima Al-Zahra,Morocco,Arabic/French/English,Biomedical Engineering,Bachelor's,Mohammed V University,"[""['medical imaging'"", ""'biomaterials'"", ""'electronics'"", ""'cad'"", ""'programming']""]","[""['photography'"", ""'reading'"", ""'swimming'"", ""'volunteering'"", ""'travel']""]",Medical Equipment Company Intern,23,"['arabic', 'french', 'english']",morocco
Bjorn Eriksson,Sweden,Swedish/English,Renewable Energy,Master's,Uppsala University,"[""['solar technology'"", ""'wind energy systems'"", ""'energy storage'"", ""'electrical engineering'"", ""'project management']""]","[""['cross-country skiing'"", ""'hiking'"", ""'photography'"", ""'sustainable living'"", ""'sailing']""]",3 years as Energy Consultant,32,"['swedish', 'english']",sweden
Hana Tanaka,Japan,Japanese/English,Computer Engineering,Bachelor's,Osaka University,"[""['microcontrollers'"", ""'digital electronics'"", ""'programming'"", ""'computer architecture'"", ""'networking']""]","[""['martial arts'"", ""'gaming'"", ""'photography'"", ""'hiking'"", ""'reading']""]",Software Development Intern,22,"['japanese', 'english']",japan
Carmen Diaz,Spain,Spanish/English,Marine Biology,High School Diploma,Barcelona Science Academy,"[""['basic biology'"", ""'field research'"", ""'data collection'"", ""'lab safety'"", ""'marine ecology']""]","[""['swimming'"", ""'diving'"", ""'photography'"", ""'volunteering'"", ""'reading']""]",Marine Conservation Volunteer,19,"['spanish', 'english']",spain
Karthik Rao,India,Kannada/English,Artificial Intelligence,Master's,IISc Bangalore,"[""['machine learning'"", ""'deep learning'"", ""'python'"", ""'computer vision'"", ""'nlp']""]","[""['cricket'"", ""'chess'"", ""'reading'"", ""'hiking'"", ""'photography']""]",2 years as Software Developer,27,"['kannada', 'english']",india
Lina Hakim,Lebanon,Arabic/English,Chemical Engineering,Bachelor's,American University of Beirut,"[""['process engineering'"", ""'thermodynamics'"", ""'reaction engineering'"", ""'lab techniques'"", ""'cad']""]","[""['photography'"", ""'reading'"", ""'cooking'"", ""'travel'"", ""'volunteering']""]",Internship at Pharmaceutical Company,23,"['arabic', 'english']",lebanon
Peter Møller,Denmark,Danish/English,Mechanical Engineering,Master's,Technical University of Denmark,"[""['cad'"", ""'thermodynamics'"", ""'fluid mechanics'"", ""'materials science'"", ""'robotics']""]","[""['cycling'"", ""'sailing'"", ""'photography'"", ""'woodworking'"", ""'hiking']""]",3 years as Design Engineer,30,"['danish', 'english']",denmark
Seo-Yeon Kim,South Korea,Korean/English,Biotechnology,Bachelor's,Seoul National University,"[""['molecular biology'"", ""'microbiology'"", ""'biochemistry'"", ""'cell culture'"", ""'lab techniques']""]","[""['k-pop dancing'"", ""'reading'"", ""'photography'"", ""'cooking'"", ""'volunteering']""]",Research Lab Assistant,22,"['korean', 'english']",south korea
Mustafa Al-Jabri,Oman,Arabic/English,Civil Engineering,High School Diploma,International School of Muscat,"[""['basic cad'"", ""'mathematics'"", ""'physics'"", ""'technical drawing'"", ""'basic surveying']""]","[""['soccer'"", ""'photography'"", ""'model building'"", ""'swimming'"", ""'reading']""]",Construction Site Volunteer,19,"['arabic', 'english']",oman
Giulia Ferrari,Italy,Italian/English,Astronomy,Master's,University of Milan,"[""['astrophysics'"", ""'data analysis'"", ""'telescope operation'"", ""'spectroscopy'"", ""'programming']""]","[""['star gazing'"", ""'photography'"", ""'hiking'"", ""'piano'"", ""'reading']""]",2 years as Research Assistant,29,"['italian', 'english']",italy
Vijay Malhotra,India,Hindi/English,Software Engineering,Bachelor's,IIIT Delhi,"[""['java'"", ""'python'"", ""'web development'"", ""'mobile app development'"", ""'databases']""]","[""['cricket'"", ""'photography'"", ""'hiking'"", ""'gaming'"", ""'reading']""]",Freelance Web Developer,24,"['hindi', 'english']",india
Irina Volkova,Russia,Russian/English,Mathematics,Master's,Saint Petersburg State University,"[""['statistical analysis'"", ""'mathematical modeling'"", ""'numerical methods'"", ""'algorithms'"", ""'matlab']""]","[""['ballet'"", ""'chess'"", ""'reading'"", ""'piano'"", ""'hiking']""]",2 years as Data Analyst,28,"['russian', 'english']",russia
Diego Hernandez,Mexico,Spanish/English,Aerospace Engineering,Bachelor's,National Autonomous University of Mexico,"[""['aerodynamics'"", ""'propulsion'"", ""'structural analysis'"", ""'cad'"", ""'flight mechanics']""]","[""['soccer'"", ""'model aircraft'"", ""'photography'"", ""'reading'"", ""'travel']""]",Internship at Aircraft Manufacturer,24,"['spanish', 'english']",mexico
Asha Mohamed,Kenya,Swahili/English,Nursing,High School Diploma,International School of Nairobi,"[""['basic anatomy'"", ""'physiology'"", ""'first aid'"", ""'patient care'"", ""'medical terminology']""]","[""['photography'"", ""'reading'"", ""'volunteering'"", ""'cooking'"", ""'running']""]",Hospital Volunteer,19,"['swahili', 'english']",kenya
Ryo Yamamoto,Japan,Japanese/English,Robotics,Master's,Tokyo University,"[""['ros'"", ""'computer vision'"", ""'control systems'"", ""'mechanical design'"", ""'programming']""]","[""['martial arts'"", ""'robotics competitions'"", ""'hiking'"", ""'photography'"", ""'gaming']""]",3 years as Automation Engineer,31,"['japanese', 'english']",japan
Meera Patel,India,Gujarati/English,Computer Science,Bachelor's,DAIICT,"[""['programming'"", ""'data structures'"", ""'algorithms'"", ""'web development'"", ""'databases']""]","[""['classical dance'"", ""'reading'"", ""'photography'"", ""'hiking'"", ""'volunteering']""]",Software Development Intern,22,"['gujarati', 'english']",india
Vladimir Sokolov,Russia,Russian/English,Physics,Master's,Moscow State University,"[""['quantum mechanics'"", ""'optics'"", ""'electronics'"", ""'programming'"", ""'data analysis']""]","[""['chess'"", ""'astronomy'"", ""'hiking'"", ""'classical music'"", ""'reading']""]",2 years as Research Assistant,29,"['russian', 'english']",russia
Catalina Gomez,Colombia,Spanish/English,Environmental Science,Bachelor's,National University of Colombia,"[""['gis'"", ""'water quality testing'"", ""'statistical analysis'"", ""'field research'"", ""'data collection']""]","[""['hiking'"", ""'photography'"", ""'volunteering'"", ""'painting'"", ""'reading']""]",Environmental NGO Intern,24,"['spanish', 'english']",colombia
Wu Xing,China,Mandarin/English,Electrical Engineering,High School Diploma,Shanghai High School,"[""['basic electronics'"", ""'mathematics'"", ""'physics'"", ""'programming basics'"", ""'robotics']""]","[""['calligraphy'"", ""'robotics competitions'"", ""'gaming'"", ""'reading'"", ""'chess']""]",School Electronics Club Leader,18,"['mandarin', 'english']",china
Neha Gupta,India,Hindi/English,Data Science,Master's,IIT Delhi,"[""['python'"", ""'machine learning'"", ""'statistics'"", ""'data visualization'"", ""'sql']""]","[""['classical dance'"", ""'chess'"", ""'reading'"", ""'hiking'"", ""'photography']""]",2 years as Data Analyst,28,"['hindi', 'english']",india
Amira El-Said,Egypt,Arabic/French/English,Biomedical Engineering,Bachelor's,Cairo University,"[""['medical imaging'"", ""'biomaterials'"", ""'electronics'"", ""'cad'"", ""'programming']""]","[""['photography'"", ""'reading'"", ""'swimming'"", ""'volunteering'"", ""'travel']""]",Medical Equipment Company Intern,23,"['arabic', 'french', 'english']",egypt
Lukas Johansson,Sweden,Swedish/English,Renewable Energy,Master's,Lund University,"[""['solar technology'"", ""'wind energy systems'"", ""'energy storage'"", ""'electrical engineering'"", ""'project management']""]","[""['cross-country skiing'"", ""'hiking'"", ""'photography'"", ""'sustainable living'"", ""'sailing']""]",3 years as Energy Consultant,32,"['swedish', 'english']",sweden
Yuki Sato,Japan,Japanese/English,Computer Engineering,Bachelor's,Kyoto University,"[""['microcontrollers'"", ""'digital electronics'"", ""'programming'"", ""'computer architecture'"", ""'networking']""]","[""['martial arts'"", ""'gaming'"", ""'photography'"", ""'hiking'"", ""'reading']""]",Software Development Intern,22,"['japanese', 'english']",japan
Beatriz Alvarez,Spain,Spanish/English,Marine Biology,High School Diploma,Madrid Science Academy,"[""['basic biology'"", ""'field research'"", ""'data collection'"", ""'lab safety'"", ""'marine ecology']""]","[""['swimming'"", ""'diving'"", ""'photography'"", ""'volunteering'"", ""'reading']""]",Marine Conservation Volunteer,19,"['spanish', 'english']",spain
Vishal Kapoor,India,Hindi/English,Artificial Intelligence,Master's,IIT Bombay,"[""['machine learning'"", ""'deep learning'"", ""'python'"", ""'computer vision'"", ""'nlp']""]","[""['cricket'"", ""'chess'"", ""'reading'"", ""'hiking'"", ""'photography']""]",2 years as Software Developer,27,"['hindi', 'english']",india
Zeina Khoury,Lebanon,Arabic/English,Chemical Engineering,Bachelor's,Lebanese American University,"[""['process engineering'"", ""'thermodynamics'"", ""'reaction engineering'"", ""'lab techniques'"", ""'cad']""]","[""['photography'"", ""'reading'"", ""'cooking'"", ""'travel'"", ""'volunteering']""]",Internship at Pharmaceutical Company,23,"['arabic', 'english']",lebanon
Anders Nielsen,Denmark,Danish/English,Mechanical Engineering,Master's,Aalborg University,"[""['cad'"", ""'thermodynamics'"", ""'fluid mechanics'"", ""'materials science'"", ""'robotics']""]","[""['cycling'"", ""'sailing'"", ""'photography'"", ""'woodworking'"", ""'hiking']""]",3 years as Design Engineer,30,"['danish', 'english']",denmark
Hyun-Joo Kim,South Korea,Korean/English,Biotechnology,Bachelor's,Korea University,"[""['molecular biology'"", ""'microbiology'"", ""'biochemistry'"", ""'cell culture'"", ""'lab techniques']""]","[""['k-pop dancing'"", ""'reading'"", ""'photography'"", ""'cooking'"", ""'volunteering']""]",Research Lab Assistant,22,"['korean', 'english']",south korea
Youssef Al-Farsi,Oman,Arabic/English,Civil Engineering,High School Diploma,Muscat International School,"[""['basic cad'"", ""'mathematics'"", ""'physics'"", ""'technical drawing'"", ""'basic surveying']""]","[""['soccer'"", ""'photography'"", ""'model building'"", ""'swimming'"", ""'reading']""]",Construction Site Volunteer,19,"['arabic', 'english']",oman
Valentina Ricci,Italy,Italian/English,Astronomy,Master's,University of Rome,"[""['astrophysics'"", ""'data analysis'"", ""'telescope operation'"", ""'spectroscopy'"", ""'programming']""]","[""['star gazing'"", ""'photography'"", ""'hiking'"", ""'piano'"", ""'reading']""]",2 years as Research Assistant,29,"['italian', 'english']",italy
Rohit Sharma,India,Hindi/English,Software Engineering,Bachelor's,NIT Warangal,"[""['java'"", ""'python'"", ""'web development'"", ""'mobile app development'"", ""'databases']""]","[""['cricket'"", ""'photography'"", ""'hiking'"", ""'gaming'"", ""'reading']""]",Freelance Web Developer,24,"['hindi', 'english']",india
Tatiana Ivanova,Russia,Russian/English,Mathematics,Master's,Moscow State University,"[""['statistical analysis'"", ""'mathematical modeling'"", ""'numerical methods'"", ""'algorithms'"", ""'matlab']""]","[""['ballet'"", ""'chess'"", ""'reading'"", ""'piano'"", ""'hiking']""]",2 years as Data Analyst,28,"['russian', 'english']",russia
Alejandro Martinez,Mexico,Spanish/English,Aerospace Engineering,Bachelor's,Polytechnic University of Madrid,"[""['aerodynamics'"", ""'propulsion'"", ""'structural analysis'"", ""'cad'"", ""'flight mechanics']""]","[""['soccer'"", ""'model aircraft'"", ""'photography'"", ""'reading'"", ""'travel']""]",Internship at Aircraft Manufacturer,24,"['spanish', 'english']",mexico
Jamila Abdi,Somalia,Somali/English,Nursing,High School Diploma,International School of Mogadishu,"[""['basic anatomy'"", ""'physiology'"", ""'first aid'"", ""'patient care'"", ""'medical terminology']""]","[""['photography'"", ""'reading'"", ""'volunteering'"", ""'cooking'"", ""'running']""]",Hospital Volunteer,19,"['somali', 'english']",somalia
Kentaro Suzuki,Japan,Japanese/English,Robotics,Master's,Osaka University,"[""['ros'"", ""'computer vision'"", ""'control systems'"", ""'mechanical design'"", ""'programming']""]","[""['martial arts'"", ""'robotics competitions'"", ""'hiking'"", ""'photography'"", ""'gaming']""]",3 years as Automation Engineer,31,"['japanese', 'english']",japan
Shreya Reddy,India,Telugu/English,Computer Science,Bachelor's,IIIT Hyderabad,"[""['programming'"", ""'data structures'"", ""'algorithms'"", ""'web development'"", ""'databases']""]","[""['classical dance'"", ""'reading'"", ""'photography'"", ""'hiking'"", ""'volunteering']""]",Software Development Intern,22,"['telugu', 'english']",india
Anton Petrov,Russia,Russian/English,Physics,Master's,Novosibirsk State University,"[""['quantum mechanics'"", ""'optics'"", ""'electronics'"", ""'programming'"", ""'data analysis']""]","[""['chess'"", ""'astronomy'"", ""'hiking'"", ""'classical music'"", ""'reading']""]",2 years as Research Assistant,29,"['russian', 'english']",russia
Fernanda Lopez,Chile,Spanish/English,Environmental Science,Bachelor's,University of Chile,"[""['gis'"", ""'water quality testing'"", ""'statistical analysis'"", ""'field research'"", ""'data collection']""]","[""['hiking'"", ""'photography'"", ""'volunteering'"", ""'painting'"", ""'reading']""]",Environmental NGO Intern,24,"['spanish', 'english']",chile
Liu Yang,China,Mandarin/English,Electrical Engineering,High School Diploma,Beijing Science Academy,"[""['basic electronics'"", ""'mathematics'"", ""'physics'"", ""'programming basics'"", ""'robotics']""]","[""['calligraphy'"", ""'robotics competitions'"", ""'gaming'"", ""'reading'"", ""'chess']""]",School Electronics Club Leader,18,"['mandarin', 'english']",china
Samir Khan,Pakistan,Urdu/English,Data Science,Master's,LUMS,"[""['python'"", ""'machine learning'"", ""'statistics'"", ""'data visualization'"", ""'sql']""]","[""['cricket'"", ""'chess'"", ""'reading'"", ""'hiking'"", ""'photography']""]",2 years as Data Analyst,28,"['urdu', 'english']",pakistan
Hala Al-Masri,Jordan,Arabic/French/English,Biomedical Engineering,Bachelor's,Jordan University of Science and Technology,"[""['medical imaging'"", ""'biomaterials'"", ""'electronics'"", ""'cad'"", ""'programming']""]","[""['photography'"", ""'reading'"", ""'swimming'"", ""'volunteering'"", ""'travel']""]",Medical Equipment Company Intern,23,"['arabic', 'french', 'english']",jordan
Nils Eriksson,Sweden,Swedish/English,Renewable Energy,Master's,KTH Royal Institute,"[""['solar technology'"", ""'wind energy systems'"", ""'energy storage'"", ""'electrical engineering'"", ""'project management']""]","[""['cross-country skiing'"", ""'hiking'"", ""'photography'"", ""'sustainable living'"", ""'sailing']""]",3 years as Energy Consultant,32,"['swedish', 'english']",sweden
Sakura Nakamura,Japan,Japanese/English,Computer Engineering,Bachelor's,Tokyo Institute of Technology,"[""['microcontrollers'"", ""'digital electronics'"", ""'programming'"", ""'computer architecture'"", ""'networking']""]","[""['martial arts'"", ""'gaming'"", ""'photography'"", ""'hiking'"", ""'reading']""]",Software Development Intern,22,"['japanese', 'english']",japan
Elena Rodriguez,Spain,Spanish/English,Marine Biology,High School Diploma,Barcelona Science Academy,"[""['basic biology'"", ""'field research'"", ""'data collection'"", ""'lab safety'"", ""'marine ecology']""]","[""['swimming'"", ""'diving'"", ""'photography'"", ""'volunteering'"", ""'reading']""]",Marine Conservation Volunteer,19,"['spanish', 'english']",spain
Amit Kumar,India,Hindi/English,Artificial Intelligence,Master's,IISc Bangalore,"[""['machine learning'"", ""'deep learning'"", ""'python'"", ""'computer vision'"", ""'nlp']""]","[""['cricket'"", ""'chess'"", ""'reading'"", ""'hiking'"", ""'photography']""]",2 years as Software Developer,27,"['hindi', 'english']",india
Maryam Khalil,Lebanon,Arabic/English,Chemical Engineering,Bachelor's,American University of Beirut,"[""['process engineering'"", ""'thermodynamics'"", ""'reaction engineering'"", ""'lab techniques'"", ""'cad']""]","[""['photography'"", ""'reading'"", ""'cooking'"", ""'travel'"", ""'volunteering']""]",Internship at Pharmaceutical Company,23,"['arabic', 'english']",lebanon
Kasper Jensen,Denmark,Danish/English,Mechanical Engineering,Master's,Technical University of Denmark,"[""['cad'"", ""'thermodynamics'"", ""'fluid mechanics'"", ""'materials science'"", ""'robotics']""]","[""['cycling'"", ""'sailing'"", ""'photography'"", ""'woodworking'"", ""'hiking']""]",3 years as Design Engineer,30,"['danish', 'english']",denmark
Min-Seo Park,South Korea,Korean/English,Biotechnology,Bachelor's,Yonsei University,"[""['molecular biology'"", ""'microbiology'"", ""'biochemistry'"", ""'cell culture'"", ""'lab techniques']""]","[""['k-pop dancing'"", ""'reading'"", ""'photography'"", ""'cooking'"", ""'volunteering']""]",Research Lab Assistant,22,"['korean', 'english']",south korea
Hassan Al-Balushi,Oman,Arabic/English,Civil Engineering,High School Diploma,International School of Muscat,"[""['basic cad'"", ""'mathematics'"", ""'physics'"", ""'technical drawing'"", ""'basic surveying']""]","[""['soccer'"", ""'photography'"", ""'model building'"", ""'swimming'"", ""'reading']""]",Construction Site Volunteer,19,"['arabic', 'english']",oman
Sofia Marino,Italy,Italian/English,Astronomy,Master's,University of Bologna,"[""['astrophysics'"", ""'data analysis'"", ""'telescope operation'"", ""'spectroscopy'"", ""'programming']""]","[""['star gazing'"", ""'photography'"", ""'hiking'"", ""'piano'"", ""'reading']""]",2 years as Research Assistant,29,"['italian', 'english']",italy
Vivek Mehta,India,Gujarati/English,Software Engineering,Bachelor's,BITS Pilani,"[""['java'"", ""'python'"", ""'web development'"", ""'mobile app development'"", ""'databases']""]","[""['cricket'"", ""'photography'"", ""'hiking'"", ""'gaming'"", ""'reading']""]",Freelance Web Developer,24,"['gujarati', 'english']",india
Oksana Kuznetsova,Russia,Russian/English,Mathematics,Master's,Moscow State University,"[""['statistical analysis'"", ""'mathematical modeling'"", ""'numerical methods'"", ""'algorithms'"", ""'matlab']""]","[""['ballet'"", ""'chess'"", ""'reading'"", ""'piano'"", ""'hiking']""]",2 years as Data Analyst,28,"['russian', 'english']",russia
Luis Gonzalez,Mexico,Spanish/English,Aerospace Engineering,Bachelor's,National Autonomous University of Mexico,"[""['aerodynamics'"", ""'propulsion'"", ""'structural analysis'"", ""'cad'"", ""'flight mechanics']""]","[""['soccer'"", ""'model aircraft'"", ""'photography'"", ""'reading'"", ""'travel']""]",Internship at Aircraft Manufacturer,24,"['spanish', 'english']",mexico
Saida Omar,Somalia,Somali/English,Nursing,High School Diploma,International School of Mogadishu,"[""['basic anatomy'"", ""'physiology'"", ""'first aid'"", ""'patient care'"", ""'medical terminology']""]","[""['photography'"", ""'reading'"", ""'volunteering'"", ""'cooking'"", ""'running']""]",Hospital Volunteer,19,"['somali', 'english']",somalia
Takumi Yamada,Japan,Japanese/English,Robotics,Master's,Kyoto University,"[""['ros'"", ""'computer vision'"", ""'control systems'"", ""'mechanical design'"", ""'programming']""]","[""['martial arts'"", ""'robotics competitions'"", ""'hiking'"", ""'photography'"", ""'gaming']""]",3 years as Automation Engineer,31,"['japanese', 'english']",japan
Anita Desai,India,Hindi/English,Computer Science,Bachelor's,IIIT Bangalore,"[""['programming'"", ""'data structures'"", ""'algorithms'"", ""'web development'"", ""'databases']""]","[""['classical dance'"", ""'reading'"", ""'photography'"", ""'hiking'"", ""'volunteering']""]",Software Development Intern,22,"['hindi', 'english']",india
John Bobby,mongolia,English Spanish,Data Science,Bachelor's,University of Mongolia,"['Python', 'SQL', 'R', 'Java']","['Sleeping', 'Walking', 'Eating']",Intern at Cisco,30,['english spanish'],mongolia
